Date,Open Price,High Price,Low Price,Close Price,WAP,No.of Shares,No. of Trades,Total Turnover (Rs.),Deliverable Quantity,% Deli. Qty to Traded Qty,Spread High-Low,Spread Close-Open
31-December-2012,426.75,431.60,426.75,428.30,429.173707854971184825,352592,6888,151323216.00,61846,17.54,4.85,1.55
28-December-2012,432.50,433.75,426.50,428.35,429.792092099332847389,539157,9413,231725415.00,119993,22.26,7.25,-4.15
27-December-2012,433.50,436.75,430.00,430.90,433.609202002154907870,733210,12829,317926603.00,121819,16.61,6.75,-2.60
26-December-2012,428.30,433.50,428.00,429.75,430.716268093663270902,421211,8297,181422430.00,74663,17.73,5.50,1.45
24-December-2012,430.00,435.50,426.85,428.45,431.128015676066702161,963507,16467,415394861.00,139554,14.48,8.65,-1.55
21-December-2012,427.90,436.25,425.20,429.55,431.048370555533212267,1292956,21292,557326577.00,183801,14.22,11.05,1.65
20-December-2012,424.00,433.65,416.05,431.40,427.333032406007490347,1603931,23150,685412698.00,378378,23.59,17.60,7.40
19-December-2012,417.00,424.85,416.00,423.35,421.476552210074513452,1302852,23539,549121569.00,390021,29.94,8.85,6.35
18-December-2012,402.00,415.85,396.70,413.95,408.791007627417409217,1937353,30485,791972485.00,614951,31.74,19.15,11.95
17-December-2012,399.00,402.20,396.10,398.95,399.230582026369281838,750722,9996,299711181.00,159868,21.30,6.10,-0.05
14-December-2012,389.00,400.50,387.30,397.25,393.413535862795701638,633916,10105,249391135.00,222788,35.14,13.20,8.25
13-December-2012,396.90,397.80,387.20,388.20,392.205159527908967613,415852,7665,163099300.00,120693,29.02,10.60,-8.70
12-December-2012,398.10,400.40,394.20,395.25,396.637097739138555465,342657,6709,135910478.00,87659,25.58,6.20,-2.85
11-December-2012,401.50,403.00,393.15,396.10,397.897399573916672157,455310,8440,181166665.00,103146,22.65,9.85,-5.40
10-December-2012,394.50,400.85,394.50,400.25,399.019475666955325312,454978,8228,181545083.00,120344,26.45,6.35,5.75
7-December-2012,401.90,403.90,392.80,394.90,397.290704909618859461,568924,10944,226028217.00,126603,22.25,11.10,-7.00
6-December-2012,400.00,402.35,394.05,399.65,398.009012670053132480,428175,8143,170417509.00,105397,24.62,8.30,-0.35
5-December-2012,394.40,399.50,392.65,397.65,397.689066608579297039,642710,11665,255598740.00,188401,29.31,6.85,3.25
4-December-2012,391.00,392.85,387.00,389.35,389.586666702410856225,373021,7369,145324008.00,84657,22.69,5.85,-1.65
3-December-2012,386.10,393.00,386.10,390.65,390.826929932703050967,502103,10079,196235374.00,135381,26.96,6.90,4.55
30-November-2012,377.00,387.10,377.00,385.40,384.222690314958805951,647545,12728,248801482.00,216354,33.41,10.10,8.40
29-November-2012,376.00,381.70,375.75,376.95,378.401695063526287893,582987,10396,220603269.00,175170,30.05,5.95,0.95
27-November-2012,375.00,378.95,373.60,376.05,376.280722430216201309,504021,9362,189653386.00,189124,37.52,5.35,1.05
26-November-2012,367.00,374.00,364.50,371.50,371.568401922390155619,660844,11606,245548749.00,187910,28.43,9.50,4.50
23-November-2012,366.50,368.25,361.30,364.35,364.583615679851607747,506765,8997,184758216.00,140425,27.71,6.95,-2.15
22-November-2012,367.35,369.20,363.00,365.90,366.623981055231756984,489845,9148,179588924.00,117021,23.89,6.20,-1.45
21-November-2012,362.50,366.40,360.25,364.35,363.961316897639696488,554971,10907,201987976.00,122632,22.10,6.15,1.85
20-November-2012,368.25,368.40,359.15,361.25,363.698279879648345032,757447,12894,275482171.00,219498,28.98,9.25,-7.00
19-November-2012,372.95,373.70,362.90,364.10,366.518605964576502517,764916,14479,280355946.00,286490,37.45,10.80,-8.85
16-November-2012,376.00,379.95,369.10,370.05,375.290255926919451895,579306,11475,217407897.00,256730,44.32,10.85,-5.95
15-November-2012,384.95,384.95,374.50,375.75,376.950124529106364835,783351,16218,295284257.00,268301,34.25,10.45,-9.20
13-November-2012,386.40,387.30,384.35,386.00,386.246106197858856385,223432,5842,86299740.00,134562,60.23,2.95,-0.40
12-November-2012,385.00,386.30,381.20,383.85,383.723276662323002967,688359,14967,264139371.00,231952,33.70,5.10,-1.15
9-November-2012,404.90,408.85,385.40,390.55,398.926655754536271762,1385003,23632,552514615.00,272760,19.69,23.45,-14.35
8-November-2012,398.00,404.70,396.80,403.65,401.939608939896516373,455531,8379,183095952.00,78476,17.23,7.90,5.65
7-November-2012,396.90,404.90,396.90,401.95,402.941471789462924157,430442,7975,173442933.00,103212,23.98,8.00,5.05
6-November-2012,394.70,399.45,393.60,398.70,396.667147868587532764,405928,7578,161018302.00,80022,19.71,5.85,4.00
5-November-2012,399.70,399.70,396.00,397.85,397.630020998058670047,353366,7115,140508930.00,83122,23.52,3.70,-1.85
2-November-2012,400.80,403.80,398.60,401.60,401.775081476500604634,737636,8593,296363764.00,372737,50.53,5.20,0.80
1-November-2012,392.50,399.80,392.05,397.80,395.958016071712528613,540826,10736,214144390.00,80727,14.93,7.75,5.30
31-October-2012,394.85,395.40,388.65,392.25,391.991296235473343629,572396,11393,224374250.00,134554,23.51,6.75,-2.60
30-October-2012,402.60,403.80,392.10,392.90,396.920229123594839531,539796,9237,214255952.00,149953,27.78,11.70,-9.70
29-October-2012,402.80,404.30,399.40,401.70,401.979023295512196868,335086,6219,134697543.00,60009,17.91,4.90,-1.10
26-October-2012,399.00,401.95,396.95,399.50,399.480580062873947875,512772,8835,204842456.00,89615,17.48,5.00,0.50
25-October-2012,405.90,406.90,398.35,399.60,403.677026223107280410,716086,8708,289067467.00,407968,56.97,8.55,-6.30
23-October-2012,404.45,409.75,404.05,404.70,407.124917087710965713,488468,6732,198867494.00,227994,46.68,5.70,0.25
22-October-2012,405.80,409.95,403.10,407.85,407.088541726547571690,434891,8450,177039143.00,66441,15.28,6.85,2.05
19-October-2012,411.00,412.50,405.00,407.10,408.815079869917535265,614687,11623,251293315.00,115239,18.75,7.50,-3.90
18-October-2012,410.50,412.40,406.00,411.65,409.858286301729908474,772353,13675,316555277.00,234208,30.32,6.40,1.15
17-October-2012,414.10,414.10,404.50,407.55,408.110181771705626440,602459,12517,245869652.00,91360,15.16,9.60,-6.55
16-October-2012,421.90,422.85,406.50,408.75,414.231933234384966390,652192,12462,270158753.00,185819,28.49,16.35,-13.15
15-October-2012,421.40,422.70,416.25,419.00,419.310567794496633136,601450,10956,252194341.00,91380,15.19,6.45,-2.40
12-October-2012,422.50,426.00,419.05,420.55,422.981707532915634996,1073502,19782,454071709.00,187427,17.46,6.95,-1.95
11-October-2012,413.60,421.90,410.15,420.35,416.588914479796386640,1157095,20009,482032950.00,355578,30.73,11.75,6.75
10-October-2012,412.00,418.00,410.00,411.65,414.541562108926895400,1227392,21198,508804997.00,176529,14.38,8.00,-0.35
9-October-2012,411.20,415.90,408.30,411.75,412.491437398078495698,836428,15335,345019388.00,136131,16.28,7.60,0.55
8-October-2012,409.00,417.80,405.85,407.55,412.353731518155079359,1314398,22997,541996920.00,290199,22.08,11.95,-1.45
5-October-2012,413.05,414.00,399.00,410.35,407.905847662602198984,1241573,21026,506444887.00,221573,17.85,15.00,-2.70
4-October-2012,405.70,412.60,405.70,409.50,409.660929770320235947,997171,20709,408501999.00,243469,24.42,6.90,3.80
3-October-2012,399.00,405.00,397.50,403.00,402.446383285420416859,856067,14902,344521068.00,144734,16.91,7.50,4.00
1-October-2012,402.00,402.80,393.10,398.85,397.203817823243392820,910676,16461,361723984.00,167551,18.40,9.70,-3.15
28-September-2012,400.05,408.90,399.30,400.75,405.035180850603328043,947163,16899,383634337.00,229827,24.26,9.60,0.70
27-September-2012,396.90,402.15,393.00,396.05,398.237600088009850741,754461,12466,300454738.00,169738,22.50,9.15,-0.85
26-September-2012,398.55,404.90,394.20,396.00,398.635000496436449659,926604,16295,369376786.00,220190,23.76,10.70,-2.55
25-September-2012,406.05,408.60,397.10,400.65,400.920587266137004356,710138,13423,284708944.00,147715,20.80,11.50,-5.40
24-September-2012,410.00,415.00,405.10,406.65,410.805470114127647362,703861,14068,289149949.00,173402,24.64,9.90,-3.35
21-September-2012,396.00,413.60,396.00,409.00,406.990144592271861246,1051301,19402,427869146.00,314401,29.91,17.60,13.00
20-September-2012,400.00,401.90,392.50,393.85,396.636674737255008048,591448,13024,234589968.00,135900,22.98,9.40,-6.15
18-September-2012,408.70,409.90,403.10,404.90,406.769735457870715048,494288,9822,201061399.00,100404,20.31,6.80,-3.80
17-September-2012,408.60,415.00,404.25,410.00,411.371528819506241895,1179930,22231,485389608.00,346064,29.33,10.75,1.40
14-September-2012,398.00,407.00,398.00,403.75,403.710048940887501043,1413542,25888,570661110.00,445855,31.54,9.00,5.75
13-September-2012,388.00,390.40,382.55,387.45,387.052268333483587262,598986,12429,231838890.00,101831,17.00,7.85,-0.55
12-September-2012,380.05,388.00,376.60,387.00,383.315184062279465824,813366,15585,311775538.00,163283,20.07,11.40,6.95
11-September-2012,379.00,379.00,374.30,376.90,376.716374492112240810,419384,8705,157988820.00,78008,18.60,4.70,-2.10
10-September-2012,374.50,383.00,374.50,379.90,379.722947471447501614,895018,18512,339858873.00,214342,23.95,8.50,5.40
8-September-2012,372.10,375.00,371.00,373.80,372.994291844356739861,151012,2978,56326614.00,57089,37.80,4.00,1.70
7-September-2012,361.10,371.80,361.00,370.70,366.680751205670668776,1468892,26163,538614422.00,452788,30.83,10.80,9.60
6-September-2012,350.95,353.70,347.55,350.65,351.141682838488674486,1018232,19095,357543698.00,235803,23.16,6.15,-0.30
5-September-2012,361.20,361.70,349.40,350.70,353.664131298981562109,1320650,27309,467066535.00,459169,34.77,12.30,-10.50
4-September-2012,358.00,364.85,355.45,363.10,361.753753398574278012,684846,14647,247745611.00,114853,16.77,9.40,5.10
3-September-2012,365.25,366.70,356.00,358.05,360.533604876374957393,877209,17732,316263323.00,194122,22.13,10.70,-7.20
31-August-2012,366.70,367.80,358.30,362.50,362.522147700564464497,1191749,23364,432035407.00,293828,24.66,9.50,-4.20
30-August-2012,374.00,374.00,365.25,366.70,368.135883956967176433,837965,17321,308484986.00,272013,32.46,8.75,-7.30
29-August-2012,377.00,379.05,373.10,374.40,375.705469171902966945,553667,11142,208015720.00,160830,29.05,5.95,-2.60
28-August-2012,388.00,388.90,373.65,378.40,378.438597971361220839,995643,19314,376789741.00,240013,24.11,15.25,-9.60
27-August-2012,390.70,391.30,385.00,385.50,387.511169654357146637,906832,12819,351407529.00,362199,39.94,6.30,-5.20
24-August-2012,395.80,396.25,385.20,387.70,389.195626113485856266,964314,20464,375306791.00,357995,37.12,11.05,-8.10
23-August-2012,395.00,402.80,395.00,398.60,399.539124863300575067,1075352,18755,429645197.00,249490,23.20,7.80,3.60
22-August-2012,392.00,396.50,389.35,392.60,393.391411196951959102,852482,14771,335359097.00,165110,19.37,7.15,0.60
21-August-2012,395.00,397.50,387.20,392.20,391.573396252415617502,921607,20368,360876783.00,246716,26.77,10.30,-2.80
17-August-2012,401.00,402.00,392.10,394.80,396.060997264165833640,760280,15405,301117255.00,183460,24.13,9.90,-6.20
16-August-2012,407.00,409.70,397.30,398.20,400.739604747982933707,871191,15212,349120737.00,322387,37.01,12.40,-8.80
14-August-2012,391.00,408.00,388.60,406.05,402.126197141188269393,1451792,26884,583803596.00,199937,13.77,19.40,15.05
13-August-2012,400.00,401.50,391.55,395.65,395.729492258274525700,814095,17411,322161401.00,166521,20.45,9.95,-4.35
10-August-2012,404.00,406.90,399.05,400.40,402.379229943048618628,473913,9280,190692748.00,88673,18.71,7.85,-3.60
9-August-2012,405.55,409.75,402.70,406.30,406.127900204653341966,614698,13574,249646008.00,106298,17.29,7.05,0.75
8-August-2012,407.00,414.85,407.00,408.35,410.860248056860892728,739911,14019,304000017.00,137195,18.54,7.85,1.35
7-August-2012,406.80,409.40,403.90,406.05,406.847771589802723976,473499,9314,192642013.00,79383,16.77,5.50,-0.75
6-August-2012,403.30,408.75,401.85,404.30,405.456896955477397469,448379,9541,181798358.00,99148,22.11,6.90,1.00
3-August-2012,403.00,403.00,392.35,396.95,396.043174207104865716,791908,17247,313629758.00,238032,30.06,10.65,-6.05
2-August-2012,409.90,410.35,402.90,405.90,405.742182572782943055,589836,12934,239321346.00,113996,19.33,7.45,-4.00
1-August-2012,415.00,416.70,408.50,409.35,411.326897457319477325,575731,11006,236813646.00,125314,21.77,8.20,-5.65
31-July-2012,410.50,415.75,401.40,413.60,408.463136048002250895,632637,12709,258408893.00,81880,12.94,14.35,3.10
30-July-2012,404.10,411.80,402.30,410.20,407.150203243479797682,594115,12422,241894043.00,167727,28.23,9.50,6.10
27-July-2012,390.00,402.45,390.00,399.30,397.837454196648706208,955989,20930,380328230.00,254491,26.62,12.45,9.30
26-July-2012,388.00,390.95,382.15,384.15,386.034677042029930044,968191,18770,373755300.00,263361,27.20,8.80,-3.85
25-July-2012,396.10,398.05,386.50,387.45,390.467704070320012211,897497,18011,350443593.00,294378,32.80,11.55,-8.65
24-July-2012,399.60,402.70,394.50,397.00,397.710721459467479257,700968,15075,278782489.00,199867,28.51,8.20,-2.60
23-July-2012,412.40,412.40,398.00,399.50,403.440575718694921395,734178,15214,296197195.00,287789,39.20,14.40,-12.90
20-July-2012,413.00,417.80,412.00,415.80,415.484380544478660813,402991,10753,167436466.00,79003,19.60,5.80,2.80
19-July-2012,415.00,416.60,412.75,414.65,414.834873543620346689,439875,8217,182475490.00,145974,33.19,3.85,-0.35
18-July-2012,408.00,413.75,404.55,411.15,409.691728553454826393,644591,12226,264083601.00,96503,14.97,9.20,3.15
17-July-2012,411.05,413.80,405.20,406.20,408.977948242178048345,723253,13398,295794528.00,159673,22.08,8.60,-4.85
16-July-2012,417.50,418.55,407.30,408.85,411.832033892633560632,687347,15110,283071513.00,230828,33.58,11.25,-8.65
13-July-2012,430.00,433.30,424.90,425.65,428.217611385704770918,570540,11145,244315276.00,123479,21.64,8.40,-4.35
12-July-2012,435.30,436.25,428.00,429.45,431.711287568433902773,534092,11177,230573545.00,141190,26.44,8.25,-5.85
11-July-2012,438.05,443.45,435.30,436.35,438.577871523312667496,573894,12435,251697209.00,142512,24.83,8.15,-1.70
10-July-2012,436.70,441.80,432.85,438.95,438.106533247575697605,565936,11536,247940259.00,121006,21.38,8.95,2.25
9-July-2012,444.00,444.70,435.15,437.05,438.744514787055899317,419218,9059,183929598.00,128819,30.73,9.55,-6.95
6-July-2012,452.15,452.70,444.00,447.45,447.046164824346378238,454047,8305,202979970.00,86840,19.13,8.70,-4.70
5-July-2012,451.25,453.40,448.30,451.25,451.328845605746610050,414018,8500,186858266.00,41086,9.92,5.10,0.00
4-July-2012,447.50,454.90,447.50,452.10,452.178079254283276077,685515,14249,309974856.00,113835,16.61,7.40,4.60
3-July-2012,448.40,450.25,442.50,445.65,446.322898870920090942,622808,12855,277973472.00,67162,10.78,7.75,-2.75
2-July-2012,442.60,453.90,441.55,447.00,447.417577147518037590,794452,16990,355451789.00,151200,19.03,12.35,4.40
29-June-2012,432.15,443.90,432.15,441.30,437.174709048559891684,752617,16107,329025118.00,280604,37.28,11.75,9.15
28-June-2012,422.10,429.90,420.50,428.40,425.269939318637510562,679286,14162,288879916.00,144820,21.32,9.40,6.30
27-June-2012,412.50,421.90,412.50,420.70,418.078135283415330541,709577,14972,296658629.00,142941,20.14,9.40,8.20
26-June-2012,412.35,412.50,405.80,410.40,409.360247603988769749,876561,18285,358829228.00,246243,28.09,6.70,-1.95
25-June-2012,421.00,424.70,412.10,414.55,419.167619176796633282,545576,11030,228687793.00,127743,23.41,12.60,-6.45
22-June-2012,425.40,426.90,416.60,418.65,420.424177111272151611,747914,14642,314441128.00,207624,27.76,10.30,-6.75
21-June-2012,423.80,431.90,423.00,430.25,427.167567442986044689,607439,12147,259478240.00,119024,19.59,8.90,6.45
20-June-2012,423.00,429.45,421.10,426.85,425.269948927578118040,808264,16976,343730390.00,126809,15.69,8.35,3.85
19-June-2012,420.00,424.90,415.60,420.20,420.310606519984887143,857548,19225,360436520.00,86225,10.05,9.30,0.20
18-June-2012,419.00,425.00,413.85,418.75,419.843708900146324732,1215789,23712,510441363.00,155787,12.81,11.15,-0.25
15-June-2012,407.50,414.90,407.50,413.40,411.680210529137301528,522303,12164,215021809.00,79730,15.27,7.40,5.90
14-June-2012,411.25,416.35,405.20,406.60,411.049223799707902400,672378,14187,276380455.00,86502,12.87,11.15,-4.65
13-June-2012,415.90,416.65,410.25,411.40,412.830631519486708659,656781,11789,271139315.00,122449,18.64,6.40,-4.50
12-June-2012,406.00,414.20,405.50,412.60,410.242535432650983150,787621,14346,323115636.00,147770,18.76,8.70,6.60
11-June-2012,416.05,418.80,407.00,409.85,414.482655105793459910,557974,12305,231270545.00,94282,16.90,11.80,-6.20
8-June-2012,412.00,416.35,406.00,410.50,410.950475454118859882,822582,16669,338040464.00,83559,10.16,10.35,-1.50
7-June-2012,415.00,419.50,410.05,411.60,414.450385714055161951,743556,16217,308167071.00,110196,14.82,9.45,-3.40
6-June-2012,402.00,410.90,402.00,409.65,407.984964690282430270,631979,12677,257837930.00,101471,16.06,8.90,7.65
5-June-2012,406.25,408.80,397.10,398.50,403.566078723933354648,562980,11632,227199631.00,111988,19.89,11.70,-7.75
4-June-2012,393.40,405.00,389.10,402.60,397.031544208292263720,728438,16264,289212864.00,90349,12.40,15.90,9.20
1-June-2012,403.00,407.40,396.10,398.00,402.219124104832562084,651973,12106,262236009.00,92848,14.24,11.30,-5.00
31-May-2012,406.00,407.00,400.00,402.85,403.722300523674714165,658424,12804,265820452.00,147603,22.42,7.00,-3.15
30-May-2012,412.10,414.50,408.10,410.25,411.283169612595068394,510422,9322,209927978.00,67517,13.23,6.40,-1.85
29-May-2012,413.15,418.20,410.70,415.80,415.277526000617569446,741617,14292,307976873.00,115602,15.59,7.50,2.65
28-May-2012,409.90,415.40,408.20,411.75,412.082957051681638826,632062,12416,260461978.00,123365,19.52,7.20,1.85
25-May-2012,397.95,409.80,396.00,408.25,405.271884477054728815,943397,18287,382332280.00,144039,15.27,13.80,10.30
24-May-2012,397.75,402.40,391.50,398.55,397.249957687264882235,886258,16720,352065953.00,78566,8.86,10.90,0.80
23-May-2012,397.90,401.40,394.10,396.15,397.620465354742996771,916720,15174,364506633.00,113702,12.40,7.30,-1.75
22-May-2012,407.50,409.90,397.10,399.35,404.535203751938365878,1056947,21560,427572270.00,132205,12.51,12.80,-8.15
21-May-2012,394.05,405.95,389.00,402.20,397.347805569901662895,2288658,44000,909393234.00,266766,11.66,16.95,8.15
18-May-2012,399.80,402.00,390.65,399.85,397.143659414641400102,1667764,31382,662341898.00,230623,13.83,11.35,0.05
17-May-2012,403.50,409.80,402.00,405.85,405.889167435265054709,984476,18319,399588144.00,204026,20.72,7.80,2.35
16-May-2012,410.00,410.90,399.00,401.55,404.181011215637129772,1188965,23227,480557076.00,222671,18.73,11.90,-8.45
15-May-2012,406.25,419.00,404.30,417.80,413.652655777572614999,977002,18658,404139472.00,92173,9.43,14.70,11.55
14-May-2012,410.00,417.40,402.75,408.05,409.402632840237018479,890901,16746,364737215.00,175804,19.73,14.65,-1.95
11-May-2012,411.50,419.80,409.00,411.75,413.848630222551716087,976582,19433,404157123.00,165563,16.95,10.80,0.25
10-May-2012,418.75,424.90,413.70,415.35,419.422506944391220231,913327,18548,383069900.00,130175,14.25,11.20,-3.40
9-May-2012,422.95,432.50,414.55,417.35,423.464968443074609892,1053493,21433,446117380.00,183704,17.44,17.95,-5.60
8-May-2012,445.40,446.00,424.00,427.35,434.663999839085199358,795452,16548,345754348.00,155341,19.53,22.00,-18.05
7-May-2012,420.35,443.70,420.35,441.60,430.182935769896193771,924800,18833,397833179.00,96512,10.44,23.35,21.25
4-May-2012,444.30,445.80,430.40,433.55,436.430189751857644103,868977,17661,379247797.00,191880,22.08,15.40,-10.75
3-May-2012,458.00,459.85,446.45,448.30,451.908958246644222067,687322,13306,310606969.00,132415,19.27,13.40,-9.70
2-May-2012,465.00,469.70,460.00,462.15,464.212590853881894773,414952,8260,192625943.00,50337,12.13,9.70,-2.85
30-April-2012,463.00,469.30,460.40,463.65,464.396538677049095099,519339,9942,241179234.00,76780,14.78,8.90,0.65
28-April-2012,462.10,464.45,461.05,463.15,462.753633802816901408,35500,886,16427754.00,7495,21.11,3.40,1.05
27-April-2012,466.50,468.90,455.30,461.85,461.312190117968883569,631692,12717,291407220.00,53079,8.40,13.60,-4.65
26-April-2012,467.00,473.50,463.40,465.90,468.988980996102415785,669389,13364,313936065.00,66227,9.89,10.10,-1.10
25-April-2012,471.40,474.90,460.10,465.90,466.762727144428330883,821944,15275,383652823.00,79319,9.65,14.80,-5.50
24-April-2012,465.00,470.80,460.05,468.70,465.699267004727771846,629472,12068,293144649.00,59211,9.41,10.75,3.70
23-April-2012,470.90,479.40,460.00,462.95,471.962584682215441898,1160220,20757,547580430.00,216389,18.65,19.40,-7.95
20-April-2012,466.00,474.40,464.00,470.40,469.979783375830877600,1103201,20423,518482167.00,200320,18.16,10.40,4.40
19-April-2012,466.00,469.50,461.80,467.00,465.709948071604283560,516673,9970,240619756.00,83871,16.23,7.70,1.00
18-April-2012,465.00,470.75,462.05,463.70,466.784760814607407735,632501,13758,295241828.00,97211,15.37,8.70,-1.30
17-April-2012,456.00,462.25,451.50,461.30,458.024064125763401945,707360,13510,323987902.00,109386,15.46,10.75,5.30
16-April-2012,448.50,455.80,445.10,454.10,451.199852351989112129,640713,13100,289089611.00,62632,9.78,10.70,5.60
13-April-2012,457.00,462.00,447.25,449.75,454.831162670141630125,841064,16165,382542117.00,119093,14.16,14.75,-7.25
12-April-2012,451.05,455.90,448.10,452.60,452.796086008453027451,817222,14992,370034923.00,82045,10.04,7.80,1.55
11-April-2012,448.00,454.90,444.10,447.05,448.320873891082288420,1048094,18823,469882418.00,109127,10.41,10.80,-0.95
10-April-2012,460.40,460.40,449.10,453.15,453.677830644561742621,914668,17514,414964594.00,193698,21.18,11.30,-7.25
9-April-2012,472.90,472.90,455.60,459.45,462.879312074924740773,717520,12787,332125164.00,197712,27.55,17.30,-13.45
4-April-2012,475.50,478.90,471.25,474.70,475.005118445298694388,661529,12787,314229661.00,48720,7.36,7.65,-0.80
3-April-2012,476.00,482.00,474.45,477.95,478.433629972522712082,807940,16459,386545667.00,123327,15.26,7.55,1.95
2-April-2012,470.40,477.40,468.10,471.85,473.043617572682865534,827671,16588,391524484.00,116889,14.12,9.30,1.45
30-March-2012,453.75,473.20,453.10,470.40,465.723179875863747616,1183216,22393,551051118.00,254312,21.49,20.10,16.65
29-March-2012,450.25,453.90,445.60,452.15,450.383539091761121310,854643,16943,384917139.00,59674,6.98,8.30,1.90
28-March-2012,445.00,457.60,441.25,455.50,451.900215881007655926,1388728,25544,627566483.00,252876,18.21,16.35,10.50
27-March-2012,448.70,450.70,439.00,446.50,445.012590220121548832,1157724,21466,515201756.00,141063,12.18,11.70,-2.20
26-March-2012,449.90,451.60,438.00,440.45,444.677072397696234323,1301174,23496,578602245.00,149061,11.46,13.60,-9.45
23-March-2012,450.00,455.50,443.00,449.00,449.820929055706203957,1410938,26973,634669442.00,95463,6.77,12.50,-1.00
22-March-2012,469.30,475.70,447.05,450.40,464.916557882704278246,1885235,34391,876476967.00,250380,13.28,28.65,-18.90
21-March-2012,453.00,474.50,448.25,471.85,461.741281749662353504,1147650,23175,529917382.00,213079,18.57,26.25,18.85
20-March-2012,449.20,456.50,445.25,453.70,452.119336875865602261,1013023,19408,458007287.00,82165,8.11,11.25,4.50
19-March-2012,454.90,463.05,445.05,447.90,453.961109363825148854,928424,18347,421468389.00,110477,11.90,18.00,-7.00
16-March-2012,462.00,472.80,449.05,454.35,464.269221185729724629,1356498,26579,629780270.00,139412,10.28,23.75,-7.65
15-March-2012,463.00,466.50,455.05,462.30,461.382278569600041253,1085962,20897,501043622.00,74472,6.86,11.45,-0.70
14-March-2012,474.50,476.00,460.10,462.00,466.701805143704018700,790131,20017,368755564.00,119808,15.16,15.90,-12.50
13-March-2012,460.30,469.40,460.00,467.15,465.759093294275713733,867095,18415,403857381.00,215012,24.80,9.40,6.85
12-March-2012,461.00,463.25,450.00,456.00,455.743620345257293651,873088,17894,397904286.00,107728,12.34,13.25,-5.00
9-March-2012,432.90,456.45,432.50,453.70,446.262393718701098436,1315142,27279,586898417.00,337442,25.66,23.95,20.80
7-March-2012,423.00,430.45,378.65,425.05,424.057893988535199970,1568453,33289,665114876.00,151983,9.69,51.80,2.05
6-March-2012,447.90,456.70,424.20,426.20,440.774002136354282018,1836774,36722,809602227.00,388397,21.15,32.50,-21.70
5-March-2012,464.00,465.00,448.60,450.55,455.635461712389418571,814219,16448,370987050.00,200035,24.57,16.40,-13.45
3-March-2012,466.50,469.80,466.00,466.95,467.521907608480023276,75613,1412,35350734.00,13335,17.64,3.80,0.45
2-March-2012,466.90,472.00,460.00,465.95,466.912233617099143868,868909,16980,405704242.00,101134,11.64,12.00,-0.95
1-March-2012,472.00,472.00,457.10,462.15,464.120095632104888408,977496,19697,453675537.00,116563,11.92,14.90,-9.85
29-February-2012,466.00,474.90,459.15,471.75,468.309767956561857959,1191027,23358,557769578.00,158286,13.29,15.75,5.75
28-February-2012,447.75,461.40,446.60,458.45,456.055074194626965161,936119,18462,426921820.00,134583,14.38,14.80,10.70
27-February-2012,476.75,477.80,439.05,442.25,453.460885453583411006,1513823,28284,686459518.00,340562,22.50,38.75,-34.50
24-February-2012,473.80,481.00,466.50,475.70,474.186528169472910209,1611585,30413,764191896.00,294082,18.25,14.50,1.90
23-February-2012,472.25,478.60,460.60,471.50,469.924093242179196379,1256041,23920,590243928.00,185237,14.75,18.00,-0.75
22-February-2012,492.90,496.70,468.00,470.45,482.313780437575112421,1063406,19773,512895368.00,182501,17.16,28.70,-22.45
21-February-2012,482.00,500.90,480.15,491.35,493.563411320933865910,1853628,30971,914882959.00,393549,21.23,20.75,9.35
17-February-2012,484.50,489.00,470.85,478.00,480.997450817671466927,1024250,20266,492661639.00,147557,14.41,18.15,-6.50
16-February-2012,492.50,492.70,474.75,479.15,482.473884627081598371,1407332,23199,679000937.00,335371,23.83,17.95,-13.35
15-February-2012,492.00,497.00,487.00,495.15,493.408924954050656492,1363458,26799,672742346.00,281259,20.63,10.00,3.15
14-February-2012,483.70,490.80,481.10,487.55,486.609165203364514877,1280779,26209,623238800.00,120678,9.42,9.70,3.85
13-February-2012,476.70,488.90,466.50,485.10,477.817209478775576243,1810909,33583,865283485.00,184911,10.21,22.40,8.40
10-February-2012,435.00,478.00,432.00,475.00,467.379042507029943467,5180696,92147,2421348736.00,792830,15.30,46.00,40.00
9-February-2012,448.00,454.00,440.10,451.10,447.387369084901202342,2270651,46341,1015860577.00,297747,13.11,13.90,3.10
8-February-2012,454.40,461.95,442.30,450.65,451.581571916157581837,2244878,41760,1013745536.00,292967,13.05,19.65,-3.75
7-February-2012,469.50,472.00,450.25,452.35,461.291588809370892636,1306343,27531,602605038.00,210762,16.13,21.75,-17.15
6-February-2012,474.80,477.75,463.35,467.80,471.071971333813474174,1124670,21759,529800514.00,191276,17.01,14.40,-7.00
3-February-2012,472.65,473.55,460.60,467.25,465.793176429001432792,1114607,22115,519176335.00,154182,13.83,12.95,-5.40
2-February-2012,475.90,479.65,463.75,474.65,473.321774608875712802,1499012,29996,709515020.00,222266,14.83,15.90,-1.25
1-February-2012,452.00,472.30,450.85,469.55,461.394962914224189496,1671800,29660,771360099.00,303594,18.16,21.45,17.55
31-January-2012,443.50,453.50,432.05,451.00,442.911928400596279614,1744819,30352,772801148.00,218420,12.52,21.45,7.50
30-January-2012,455.85,456.40,437.35,442.45,449.333616686749459291,1048161,21129,470973973.00,155548,14.84,19.05,-13.40
27-January-2012,449.15,462.50,447.35,458.75,456.903487557703544052,1550598,29173,708473634.00,340550,21.96,15.15,9.60
25-January-2012,435.15,446.50,435.05,445.00,442.599437468955966127,1330771,24433,588998496.00,237751,17.87,11.45,9.85
24-January-2012,429.00,439.95,422.10,432.15,431.497821908670989243,1239847,24546,534991280.00,140438,11.33,17.85,3.15
23-January-2012,434.85,437.90,423.60,426.70,428.629689813236738078,982795,19872,421255116.00,138140,14.06,14.30,-8.15
20-January-2012,438.00,444.30,430.45,436.60,437.952691402587788383,1480492,26725,648385456.00,184615,12.47,13.85,-1.40
19-January-2012,431.15,441.50,430.20,435.20,436.278022112337967131,1382667,27375,603227224.00,270404,19.56,11.30,4.05
18-January-2012,443.00,445.25,421.15,424.85,429.571186985882119561,1824849,29572,783902551.00,419704,23.00,24.10,-18.15
17-January-2012,423.60,448.00,423.60,442.80,438.862539536018379473,2238149,38670,982239754.00,415314,18.56,24.40,19.20
16-January-2012,411.90,429.00,408.55,421.70,420.192485508722123097,1973946,35724,829437276.00,214784,10.88,20.45,9.80
13-January-2012,391.20,424.00,391.20,415.70,412.250612674479036421,3219083,52315,1327068939.00,443331,13.77,32.80,24.50
12-January-2012,382.00,391.90,381.00,388.10,387.443256955336870539,1002863,19920,388552507.00,145856,14.54,10.90,6.10
11-January-2012,373.10,384.00,371.00,382.50,379.124851410222976659,1250086,23885,473938669.00,164095,13.13,13.00,9.40
10-January-2012,362.20,373.50,362.10,371.80,369.557297316247283045,969836,21907,358409971.00,152282,15.70,11.40,9.60
9-January-2012,361.00,365.40,354.65,361.80,360.161856932995602668,819588,16590,295184336.00,77282,9.43,10.75,0.80
7-January-2012,363.25,363.70,361.40,362.80,362.725789106067829306,90197,1914,32716778.00,20506,22.73,2.30,-0.45
6-January-2012,359.35,367.10,350.50,363.20,358.030043542612572391,1278977,23068,457912191.00,146025,11.42,16.60,3.85
5-January-2012,365.50,371.20,359.50,362.30,365.722747815986341654,1112287,21022,406788658.00,131538,11.83,11.70,-3.20
4-January-2012,363.15,367.15,356.50,363.65,362.440845339214655708,1619137,27789,586841383.00,127143,7.85,10.65,0.50
3-January-2012,345.85,362.90,345.00,361.20,355.636550694138012966,1473050,27698,523870421.00,333877,22.67,17.90,15.35
2-January-2012,339.00,342.25,332.35,340.55,337.595463153024379152,1257878,23352,424653906.00,167247,13.30,9.90,1.55
30-December-2011,344.60,347.00,334.05,335.25,339.580009065658067161,1294997,23245,439755093.00,417874,32.27,12.95,-9.35
29-December-2011,344.00,348.90,341.05,342.10,345.002226868190885376,1042720,19242,359740722.00,279305,26.79,7.85,-1.90
28-December-2011,347.00,350.80,343.25,346.85,346.333881712970609934,908130,16574,314516188.00,164210,18.08,7.55,-0.15
27-December-2011,357.00,359.25,347.15,349.05,352.355228647670571893,875408,16243,308454586.00,132937,15.19,12.10,-7.95
26-December-2011,348.80,359.50,348.10,357.70,355.010221107862845281,1235189,24864,438504720.00,245602,19.88,11.40,8.90
23-December-2011,355.05,359.00,345.00,347.25,352.887914877365205242,1555309,27707,548849750.00,251032,16.14,14.00,-7.80
22-December-2011,347.00,356.65,341.55,353.65,348.812565973443952665,1727968,26772,602736952.00,316930,18.34,15.10,6.65
21-December-2011,352.50,354.50,342.25,350.15,348.329481762628426586,1664083,29135,579649169.00,189239,11.37,12.25,-2.35
20-December-2011,365.80,366.65,342.20,344.20,351.221985913578015615,1831409,33841,643231106.00,337524,18.43,24.45,-21.60
19-December-2011,364.00,364.80,354.65,363.35,360.019465399610989630,1142386,24043,411281197.00,204783,17.93,10.15,-0.65
16-December-2011,379.00,382.00,362.30,364.95,372.712602109804696995,1345243,26849,501389019.00,254228,18.90,19.70,-14.05
15-December-2011,371.00,379.75,367.30,375.15,373.944113555550603717,1570685,30102,587348410.00,229386,14.60,12.45,4.15
14-December-2011,391.00,392.50,375.00,376.50,383.682390389694378973,1605027,27412,615820596.00,292192,18.20,17.50,-14.50
13-December-2011,382.50,394.45,373.50,391.95,384.286410213525115682,1793700,33672,689294534.00,205644,11.46,20.95,9.45
12-December-2011,402.50,405.40,384.10,385.75,393.375500491777530092,1190579,21684,468344610.00,251325,21.11,21.30,-16.75
9-December-2011,395.90,404.75,391.40,398.25,398.402105406867328087,1157306,22705,461073147.00,89569,7.74,13.35,2.35
8-December-2011,413.90,416.30,402.00,403.80,408.170358116155419955,1115867,20395,455463833.00,127490,11.43,14.30,-10.10
7-December-2011,412.05,420.80,409.80,416.55,417.421124221019770696,1108661,21074,462778521.00,260235,23.47,11.00,4.50
5-December-2011,415.70,417.50,409.05,411.60,412.155157141831977181,933647,19227,384807426.00,101519,10.87,8.45,-4.10
2-December-2011,400.00,421.80,397.30,418.85,412.718248288712740135,1941667,35466,801361403.00,408366,21.03,24.50,18.85
1-December-2011,400.05,410.00,398.10,402.60,404.395519838992869929,1627754,28011,658256425.00,532508,33.00,11.90,2.55
30-November-2011,384.90,388.80,382.00,384.90,385.174346456757409826,976676,15811,376190540.00,183040,18.74,6.80,0.00
29-November-2011,389.50,398.00,384.50,387.05,391.666785344115063583,1581317,30514,619349346.00,292657,18.51,13.50,-2.45
28-November-2011,378.80,388.70,377.90,386.90,383.552702421974887189,933866,19680,358186828.00,201296,21.56,10.80,8.10
25-November-2011,379.05,381.70,372.25,374.10,376.310056565998035781,1372556,25928,516506626.00,342383,24.94,9.45,-4.95
24-November-2011,381.80,387.50,367.20,384.95,376.638220316817232170,1858106,33969,699833737.00,343686,18.50,20.30,3.15
23-November-2011,388.00,388.40,378.20,382.50,382.053817470437969818,1447634,22969,553074096.00,404959,27.97,10.20,-5.50
22-November-2011,382.10,399.00,381.00,391.15,389.470345395904913271,1633372,28381,636149957.00,311476,19.07,18.00,9.05
21-November-2011,388.40,391.90,378.20,380.60,385.492737942711328541,1495444,22968,576482802.00,530262,35.46,13.70,-7.80
18-November-2011,398.00,400.00,385.40,392.50,394.586260618249975483,3242766,36076,1279550910.00,1767756,54.51,14.60,-5.50
17-November-2011,407.70,415.40,398.15,400.00,408.294537072983339058,1475967,26512,602629263.00,302003,20.46,17.25,-7.70
16-November-2011,399.70,416.60,394.00,406.00,404.830474751315291754,2054107,37616,831565112.00,390228,19.00,22.60,6.30
15-November-2011,413.00,415.35,397.95,401.50,404.844624621402309648,1975712,34680,799856383.00,542068,27.44,17.40,-11.50
14-November-2011,434.30,437.95,410.25,412.65,420.773020707314976721,1558966,27583,655970833.00,458826,29.43,27.70,-21.65
11-November-2011,429.60,433.80,423.60,430.00,429.678338035830002786,1786994,31610,767832612.00,486443,27.22,10.20,0.40
9-November-2011,470.05,475.40,445.65,448.80,461.895570642461357324,1046382,21246,483319211.00,245262,23.44,29.75,-21.25
8-November-2011,470.75,472.00,464.20,467.90,468.388752148695697050,503794,9921,235971443.00,101537,20.15,7.80,-2.85
4-November-2011,468.95,475.85,466.10,467.90,470.782569195116381886,1234986,17413,581409882.00,471435,38.17,9.75,-1.05
3-November-2011,464.00,469.50,455.65,462.00,461.071302320196824302,1097019,20358,505803979.00,213757,19.49,13.85,-2.00
2-November-2011,465.00,472.30,459.50,467.75,466.649750935107630977,841347,15443,392614368.00,135854,16.15,12.80,2.75
1-November-2011,477.45,480.15,465.50,471.65,472.638617285542162700,806732,15953,381292697.00,216246,26.81,14.65,-5.80
31-October-2011,480.50,486.80,475.00,482.95,482.523359277347525224,931236,17778,449343123.00,264920,28.45,11.80,2.45
28-October-2011,465.00,491.80,464.00,480.60,480.680552369731992010,1312237,27336,630766806.00,379537,28.92,27.80,15.60
26-October-2011,454.00,455.50,448.60,451.50,452.778160276724870026,241395,6322,109298384.00,74911,31.03,6.90,-2.50
25-October-2011,438.00,455.00,436.70,452.00,446.903580471424860119,1031596,21136,461023946.00,281649,27.30,18.30,14.00
24-October-2011,439.90,443.85,434.75,436.40,439.627585515915719788,538964,12054,236943442.00,101513,18.83,9.10,-3.50
21-October-2011,444.00,445.00,430.75,432.15,437.059057825193379366,792613,14995,346418691.00,154118,19.44,14.25,-11.85
20-October-2011,428.70,442.90,423.10,440.45,432.992370152807380930,997923,19277,432093045.00,142493,14.28,19.80,11.75
19-October-2011,432.40,437.30,430.60,434.05,433.984529582929194956,453640,10115,196872742.00,91171,20.10,6.70,1.65
18-October-2011,431.00,431.00,423.10,428.10,427.370351108650810490,626843,14123,267894113.00,102725,16.39,7.90,-2.90
17-October-2011,442.00,443.45,434.00,439.25,438.850933470151542121,668527,12663,293383698.00,64882,9.71,9.45,-2.75
14-October-2011,449.90,449.90,435.80,438.40,440.310189265094673727,971336,20627,427689138.00,159265,16.40,14.10,-11.50
13-October-2011,444.15,455.90,441.60,451.20,449.417745519416192066,1266855,25929,569347118.00,209801,16.56,14.30,7.05
12-October-2011,434.00,444.90,434.00,443.95,439.881616188689359421,746200,15763,328239662.00,165849,22.23,10.90,9.95
11-October-2011,438.00,442.50,430.60,433.15,438.080274452914782556,859601,16978,376574242.00,245138,28.52,11.90,-4.85
10-October-2011,420.35,434.45,416.80,433.25,428.376263570917917768,962352,24883,412248754.00,194915,20.25,17.65,12.90
7-October-2011,413.50,421.90,411.25,419.60,416.380416416485766631,1039248,21260,432722515.00,362396,34.87,10.65,6.10
5-October-2011,401.25,406.85,398.10,400.65,402.486493374108053007,882900,19436,355355325.00,123182,13.95,8.75,-0.60
4-October-2011,393.00,405.40,391.10,397.25,398.570861381971016143,1263876,26879,503744146.00,253449,20.05,14.30,4.25
3-October-2011,410.00,410.00,393.00,394.70,398.017655096477617801,1609337,33452,640544539.00,555072,34.49,17.00,-15.30
30-September-2011,429.90,432.80,414.20,415.25,423.188706240431603385,1646697,28839,696863573.00,612956,37.22,18.60,-14.65
29-September-2011,424.75,437.00,418.10,432.50,425.432179893067286611,1027188,24296,436998830.00,171816,16.73,18.90,7.75
28-September-2011,442.50,443.35,426.00,427.45,431.512575924641433297,948638,17078,409349227.00,297398,31.35,17.35,-15.05
27-September-2011,442.00,445.40,436.80,439.15,441.395797237997431903,731281,15676,322784360.00,154830,21.17,8.60,-2.85
26-September-2011,431.90,439.00,421.00,435.20,428.953012471210790563,1073753,23041,460589584.00,169367,15.77,18.00,3.30
23-September-2011,438.30,438.30,425.45,432.30,431.334586765955349090,1379412,32100,594988105.00,254497,18.45,12.85,-6.00
22-September-2011,450.30,451.60,440.05,442.10,443.811621068831815909,1242347,25826,551368036.00,485251,39.06,11.55,-8.20
21-September-2011,462.50,462.85,455.65,458.30,458.707295533106547041,619379,12428,284113666.00,87092,14.06,7.20,-4.20
20-September-2011,452.50,462.75,452.00,460.90,458.939013730437119838,885478,16674,406380400.00,334569,37.78,10.75,8.40
19-September-2011,458.35,458.35,451.60,453.90,454.363858510651682503,715333,15193,325021462.00,244448,34.17,6.75,-4.45
16-September-2011,470.90,474.10,457.10,459.75,465.455422146330875284,1557197,28449,724805787.00,481853,30.94,17.00,-11.15
15-September-2011,474.40,476.80,460.10,465.80,466.070419882351804808,1242348,24147,579021654.00,279341,22.48,16.70,-8.60
14-September-2011,460.55,473.70,454.40,469.50,463.568397976278003269,893601,19044,414245184.00,135998,15.22,19.30,8.95
13-September-2011,460.00,467.50,451.25,458.55,460.459223205544045882,783399,17391,360723295.00,91853,11.72,16.25,-1.45
12-September-2011,469.90,469.90,452.35,454.85,458.952454585896577645,1166653,20521,535438258.00,372693,31.95,17.55,-15.05
9-September-2011,490.00,491.00,475.25,476.95,482.038302976872242716,830301,16604,400236885.00,161691,19.47,15.75,-13.05
8-September-2011,499.10,502.00,489.60,492.70,494.606516564304220313,760370,15326,376083957.00,79861,10.50,12.40,-6.40
7-September-2011,495.10,503.80,495.10,497.95,499.336794319221099598,783977,15788,391468562.00,102016,13.01,8.70,2.85
6-September-2011,492.00,495.80,478.50,494.05,488.216426209316104853,1027833,21162,501804954.00,125595,12.22,17.30,2.05
5-September-2011,485.00,496.00,480.10,494.65,488.225070534269894145,1608438,22800,785279756.00,664399,41.31,15.90,9.65
2-September-2011,471.80,490.40,461.10,488.50,481.207955771750415975,1272309,32374,612245213.00,198325,15.59,29.30,16.70
30-August-2011,455.00,472.50,455.00,468.55,466.560070635099895279,1314927,29933,613492434.00,311120,23.66,17.50,13.55
29-August-2011,428.75,449.80,426.60,447.15,438.134375828547403172,901427,20865,394946156.00,230646,25.59,23.20,18.40
26-August-2011,442.50,444.90,419.10,422.25,430.659805743190758198,1609210,30815,693022066.00,441713,27.45,25.80,-20.25
25-August-2011,458.00,461.00,441.25,443.40,445.974215617396320637,1726549,32512,769996336.00,434271,25.15,19.75,-14.60
24-August-2011,476.00,479.80,453.10,455.40,465.392242698316364053,1369239,25555,637233209.00,455707,33.28,26.70,-20.60
23-August-2011,473.70,477.75,464.75,475.75,472.267814896234997253,704621,13352,332769820.00,143564,20.37,13.00,2.05
22-August-2011,463.75,471.60,456.40,469.65,463.230310237190240587,612209,14805,283593765.00,100149,16.36,15.20,5.90
19-August-2011,454.00,464.60,450.25,459.20,456.991887197942223810,926437,21489,423374193.00,181965,19.64,14.35,5.20
18-August-2011,473.00,473.00,459.30,462.55,465.904332758896704993,955719,16512,445273623.00,441358,46.18,13.70,-10.45
17-August-2011,472.00,474.45,461.05,472.35,469.914329645749236927,1178459,22786,553774771.00,321890,27.31,13.40,0.35
16-August-2011,480.00,481.85,466.50,468.90,472.046147634001212870,1332376,20656,628942958.00,572966,43.00,15.35,-11.10
12-August-2011,489.00,489.00,471.60,476.35,479.898647009440954827,2238227,40380,1074122109.00,625814,27.96,17.40,-12.65
11-August-2011,483.00,490.20,480.00,484.55,485.969297734716531224,1167536,19273,567386650.00,306101,26.22,10.20,1.55
10-August-2011,503.70,503.70,481.00,485.85,488.781585440415776857,2163853,34130,1057651500.00,883719,40.84,22.70,-17.85
9-August-2011,495.00,505.90,481.15,486.05,491.296132397110865043,2286636,40792,1123415423.00,575806,25.18,24.75,-8.95
8-August-2011,520.00,520.70,503.50,510.95,510.294448842883505461,1359068,29113,693524856.00,443443,32.63,17.20,-9.05
5-August-2011,545.00,547.85,527.10,532.90,533.858712160422965859,1294478,26719,691068358.00,449067,34.69,20.75,-12.10
4-August-2011,565.10,568.00,555.00,557.90,560.060206250669553499,532071,11020,297991794.00,229666,43.16,13.00,-7.20
3-August-2011,559.70,565.00,556.60,563.10,561.373978466161214365,687569,10613,385983345.00,211173,30.71,8.40,3.40
2-August-2011,570.10,573.45,561.55,563.95,566.553906474918772191,364715,8419,206630708.00,78142,21.43,11.90,-6.15
1-August-2011,570.10,574.85,563.00,572.60,569.325067161885152721,549791,9859,313009798.00,114791,20.88,11.85,2.50
29-July-2011,569.10,572.50,564.10,565.10,567.829019082402264819,462730,9271,262751522.00,103957,22.47,8.40,-4.00
28-July-2011,575.60,579.00,567.00,568.50,571.813441033780814792,446052,9375,255058529.00,129845,29.11,12.00,-7.10
27-July-2011,583.55,590.45,576.50,579.70,582.975007787815406523,449420,9152,262000628.00,77676,17.28,13.95,-3.85
26-July-2011,592.70,595.90,581.20,583.55,586.563866095417907196,302962,6506,177706562.00,67549,22.30,14.70,-9.15
25-July-2011,580.90,594.00,580.00,590.75,588.516241246791810573,441838,8250,260028839.00,108882,24.64,14.00,9.85
22-July-2011,578.55,586.40,576.00,584.30,582.548881019478855896,484012,10270,281960649.00,148516,30.68,10.40,5.75
21-July-2011,576.45,578.25,572.00,572.95,574.498270160981759159,248289,5040,142641601.00,37751,15.20,6.25,-3.50
20-July-2011,579.50,581.65,574.00,575.40,578.133509964746378032,504629,8377,291742935.00,151116,29.95,7.65,-4.10
19-July-2011,573.00,577.80,569.10,576.55,574.002978097201675810,515094,9130,295665490.00,124623,24.19,8.70,3.55
18-July-2011,574.50,576.90,570.90,572.15,573.465074758627959298,303577,6433,174090807.00,56531,18.62,6.00,-2.35
15-July-2011,576.55,581.90,569.55,573.30,573.907270193671461465,402589,8887,231048754.00,64486,16.02,12.35,-3.25
14-July-2011,573.00,583.10,571.25,576.55,577.751649321687418695,559624,11331,323323689.00,97402,17.40,11.85,3.55
13-July-2011,576.80,579.50,571.10,575.70,575.458360057655570038,579996,11071,333763547.00,78716,13.57,8.40,-1.10
12-July-2011,581.50,585.00,570.05,571.90,576.422024365802303716,710504,14667,409550154.00,213614,30.07,14.95,-9.60
11-July-2011,594.10,595.25,586.10,587.75,589.779286793761533846,395033,7832,232982281.00,98326,24.89,9.15,-6.35
8-July-2011,606.00,606.00,591.45,594.45,596.838398286365294997,718006,13255,428533551.00,137989,19.22,14.55,-11.55
7-July-2011,600.70,607.70,599.10,606.40,604.600696364533422517,603994,10578,365175193.00,149201,24.70,8.60,5.70
6-July-2011,597.10,602.90,594.35,597.20,598.347527328606852233,458128,8415,274119756.00,34120,7.45,8.55,0.10
5-July-2011,598.95,606.40,594.30,596.85,601.197384541494282897,593395,11675,356747522.00,127655,21.51,12.10,-2.10
4-July-2011,597.95,598.70,590.40,596.85,595.099747672211964678,428411,9538,254947278.00,50222,11.72,8.30,-1.10
1-July-2011,614.20,615.90,596.10,602.00,603.255715460848446864,638225,13406,385012879.00,112038,17.55,19.80,-12.20
30-June-2011,604.10,610.00,603.00,608.70,606.757471200582353766,612686,14349,371751808.00,155654,25.41,7.00,4.60
29-June-2011,589.10,602.40,589.00,601.30,597.399354657790176376,823749,16403,492107121.00,221866,26.93,13.40,12.20
28-June-2011,590.00,592.00,582.90,587.30,587.495817262961156492,487958,10151,286673284.00,67537,13.84,9.10,-2.70
27-June-2011,575.25,592.30,575.00,588.20,587.584697133549618830,749010,15841,440106814.00,153605,20.51,17.30,12.95
24-June-2011,560.00,579.90,559.50,578.65,571.157558152567336460,758393,16348,433161894.00,232097,30.60,20.40,18.65
23-June-2011,558.75,561.90,554.15,556.80,557.354566218322880034,606826,9401,338217242.00,65947,10.87,7.75,-1.95
22-June-2011,562.00,564.90,556.55,558.00,559.600550999652406761,466062,9416,260808552.00,94303,20.23,8.35,-4.00
21-June-2011,565.50,568.50,557.70,559.15,562.925200439646578680,586835,11478,330344210.00,80743,13.76,10.80,-6.35
20-June-2011,574.15,574.80,550.10,561.15,563.780815668425010981,767199,13813,432532078.00,198475,25.87,24.70,-13.00
17-June-2011,565.00,574.95,564.00,572.25,569.491188510494949619,1133974,21482,645788201.00,268544,23.68,10.95,7.25
16-June-2011,557.60,562.00,551.25,553.15,556.385406089813920080,733717,14761,408229431.00,143673,19.58,10.75,-4.45
15-June-2011,562.70,566.40,560.15,561.25,562.917135569562204808,597494,9982,336339611.00,104240,17.45,6.25,-1.45
14-June-2011,567.00,567.60,558.50,561.30,562.326285429364785983,697938,12845,392468883.00,172024,24.65,9.10,-5.70
13-June-2011,567.40,568.60,560.65,562.80,564.305022907536258815,764159,14476,431218762.00,294244,38.51,7.95,-4.60
10-June-2011,578.00,579.00,566.70,569.20,571.732780313385829556,565501,10605,323315459.00,130798,23.13,12.30,-8.80
9-June-2011,577.00,581.65,575.10,577.05,578.260811540659220238,511028,10548,295507466.00,90692,17.75,6.55,0.05
8-June-2011,575.50,580.95,574.10,577.15,577.548188665246011957,463636,9841,267772132.00,63898,13.78,6.85,1.65
7-June-2011,567.40,578.05,566.50,576.70,573.699182658464456579,544081,11280,312138825.00,76270,14.02,11.55,9.30
6-June-2011,572.00,572.85,565.25,568.90,568.642687157427322556,576520,11847,327833882.00,75171,13.04,7.60,-3.10
3-June-2011,578.65,583.70,571.60,573.50,576.669859947915730070,611701,11658,352749530.00,99559,16.28,12.10,-5.15
2-June-2011,577.00,577.00,572.00,574.65,574.442765015927969080,553429,11721,317913285.00,95566,17.27,5.00,-2.35
1-June-2011,593.00,597.55,580.25,582.20,586.379647458916793161,1030348,19168,604175097.00,214303,20.80,17.30,-10.80
31-May-2011,585.10,590.50,579.65,589.10,585.850365848700287267,713273,15078,417871248.00,144935,20.32,10.85,4.00
30-May-2011,586.95,587.00,578.10,580.35,581.298625593133254752,529392,11301,307734842.00,75538,14.27,8.90,-6.60
27-May-2011,577.00,588.15,566.00,585.35,578.572861393878709880,1421171,26135,822250972.00,327304,23.03,22.15,8.35
26-May-2011,575.10,579.80,566.20,572.60,573.798329848050967470,1436995,28463,824545331.00,294257,20.48,13.60,-2.50
25-May-2011,568.00,570.00,558.25,561.50,563.928904473169374533,1132195,23154,638477486.00,192228,16.98,11.75,-6.50
24-May-2011,558.90,568.30,554.00,566.20,561.724154018584261350,1086726,22668,610440243.00,135045,12.43,14.30,7.30
23-May-2011,574.90,574.90,557.85,559.25,563.869303839387738174,807759,16850,455470505.00,238334,29.51,17.05,-15.65
20-May-2011,564.70,582.95,563.50,578.35,574.645548184264513894,938325,19595,539204284.00,142066,15.14,19.45,13.65
19-May-2011,572.00,575.00,561.50,562.80,566.869854590271459704,756208,15716,428671519.00,119186,15.76,13.50,-9.20
18-May-2011,576.75,578.45,567.00,571.55,571.351761952178354821,773290,17167,441820604.00,126637,16.38,11.45,-5.20
17-May-2011,580.95,585.35,567.60,574.55,576.355479920365193959,994540,20845,573208579.00,139864,14.06,17.75,-6.40
16-May-2011,591.80,592.00,577.30,578.30,583.370784400166086559,780316,16276,455213557.00,201697,25.85,14.70,-13.50
13-May-2011,588.00,601.80,585.05,594.00,594.721461991449084406,743780,14839,442341929.00,131720,17.71,16.75,6.00
12-May-2011,592.00,592.45,583.50,584.45,587.626783750512925728,609250,11920,358011618.00,115979,19.04,8.95,-7.55
11-May-2011,591.00,597.30,588.65,593.35,593.810621382863479673,506789,10580,300936691.00,53709,10.60,8.65,2.35
10-May-2011,595.70,596.45,583.90,589.05,590.321000612387313613,702170,14954,414505697.00,93235,13.28,12.55,-6.65
9-May-2011,596.00,600.60,590.20,594.70,595.811792719287416435,534618,11158,318531709.00,68581,12.83,10.40,-1.30
6-May-2011,585.50,596.35,584.05,594.05,589.260174216400740526,747576,14459,440516764.00,196215,26.25,12.30,8.55
5-May-2011,589.90,594.70,581.15,583.25,588.599592083946533860,741329,16462,436345947.00,193021,26.04,13.55,-6.65
4-May-2011,601.50,603.70,588.00,590.50,596.458425148363026062,828205,17850,493989850.00,198652,23.99,15.70,-11.00
3-May-2011,612.00,614.75,600.25,603.25,608.573545902952459914,711610,12708,433067021.00,168923,23.74,14.50,-8.75
2-May-2011,617.70,618.50,608.60,614.00,612.480676052593867925,481501,10074,294910058.00,50177,10.42,9.90,-3.70
29-April-2011,613.80,619.20,611.00,614.75,615.230915061661750435,622428,13122,382936948.00,97278,15.63,8.20,0.95
28-April-2011,623.00,624.40,611.50,613.55,617.084120181466256478,525938,8974,324547988.00,128305,24.40,12.90,-9.45
27-April-2011,630.00,632.40,618.75,620.25,625.092706386215623327,554773,10599,346784556.00,79579,14.34,13.65,-9.75
26-April-2011,627.85,628.95,615.55,625.90,621.887549955026244179,702632,13290,436958093.00,92700,13.19,13.40,-1.95
25-April-2011,630.00,634.80,625.15,627.10,630.642696112065254912,469298,9399,295959356.00,61698,13.15,9.65,-2.90
21-April-2011,629.50,632.85,626.35,628.75,629.711234726026756915,534815,10446,336779014.00,97536,18.24,6.50,-0.75
20-April-2011,616.50,626.95,616.10,625.00,621.688052098781352762,713414,13220,443520960.00,137954,19.34,10.85,8.50
19-April-2011,608.80,616.90,606.00,610.90,611.918559324609431858,625179,13951,382558633.00,61024,9.76,10.90,2.10
18-April-2011,631.00,636.30,610.35,611.95,620.065273087376019810,770486,14687,477751612.00,168968,21.93,25.95,-19.05
15-April-2011,634.45,638.15,628.25,630.35,632.940231924078508135,457736,9182,289719530.00,78695,17.19,9.90,-4.10
13-April-2011,622.00,638.95,618.50,636.00,630.289968987758007976,662964,12766,417859559.00,138885,20.95,20.45,14.00
11-April-2011,631.00,635.35,623.50,625.05,628.232261021322807815,602219,10525,378333404.00,107762,17.89,11.85,-5.95
8-April-2011,637.55,641.30,625.60,629.70,632.730663893344201759,569233,10761,360171174.00,125071,21.97,15.70,-7.85
7-April-2011,635.25,641.85,634.00,637.55,638.612177757336549697,639231,12331,408220701.00,107940,16.89,7.85,2.30
6-April-2011,636.50,640.40,631.40,633.20,635.740031619390775226,652764,12490,414988206.00,83074,12.73,9.00,-3.30
5-April-2011,632.15,636.50,623.75,634.30,630.250264502396228359,795834,15798,501574589.00,146768,18.44,12.75,2.15
4-April-2011,628.00,633.85,625.55,629.80,630.516605265671790569,481534,10885,303615183.00,94578,19.64,8.30,1.80
1-April-2011,623.00,629.65,620.35,625.65,626.093279817698773328,735486,15831,460482842.00,107599,14.63,9.30,2.65
31-March-2011,617.00,623.00,614.10,620.50,618.220467568840142151,736961,15080,455604374.00,167641,22.75,8.90,3.50
30-March-2011,616.00,622.40,615.40,616.40,618.902527434584458258,784867,15305,485756170.00,157264,20.04,7.00,0.40
29-March-2011,611.55,618.50,608.75,613.50,613.244933952277506002,1032511,17777,633182140.00,295406,28.61,9.75,1.95
28-March-2011,614.00,620.00,611.25,613.45,615.395722662582393319,681639,12970,419477725.00,182992,26.85,8.75,-0.55
25-March-2011,615.00,615.70,608.70,613.60,612.698749982101691032,628551,13838,385112412.00,170272,27.09,7.00,-1.40
24-March-2011,614.20,616.00,606.80,610.75,610.940986224971541020,679926,13131,415394661.00,165667,24.37,9.20,-3.45
23-March-2011,604.10,611.40,604.00,610.00,608.928343158683025801,803873,14624,489501054.00,165571,20.60,7.40,5.90
22-March-2011,605.05,610.40,603.00,604.20,606.747725435564040383,930288,17034,564450128.00,303187,32.59,7.40,-0.85
21-March-2011,600.35,605.90,596.55,601.50,602.081060239936320218,1125632,20247,677721708.00,262111,23.29,9.35,1.15
18-March-2011,599.95,603.00,593.30,596.30,598.184825278892891500,1261954,21464,754881733.00,253584,20.09,9.70,-3.65
17-March-2011,591.80,599.50,590.00,594.75,595.893253352223344235,995235,18513,593053822.00,227559,22.86,9.50,2.95
16-March-2011,596.50,607.00,596.40,599.45,602.232456052989224114,1305322,25606,786107274.00,254656,19.51,10.60,2.95
15-March-2011,586.40,599.45,577.15,593.50,589.708284842144035485,2041608,42642,1203953152.00,321994,15.77,22.30,7.10
14-March-2011,584.00,602.30,583.00,601.05,595.063424214577867222,1442982,29345,858665810.00,371188,25.72,19.30,17.05
11-March-2011,594.30,594.40,578.30,582.00,585.286649223669346851,2614994,46177,1530521076.00,911173,34.84,16.10,-12.30
10-March-2011,611.00,611.00,595.10,596.80,601.213084109012986446,1787787,34913,1074840936.00,609880,34.11,15.90,-14.20
9-March-2011,618.00,620.65,607.20,612.65,613.053687115681661763,1153666,20877,707259195.00,124381,10.78,13.45,-5.35
8-March-2011,606.80,617.40,605.10,614.55,612.729161180752453096,979782,20963,600341003.00,128939,13.16,12.30,7.75
7-March-2011,612.40,612.45,595.80,602.85,602.632498168498168498,1365000,29525,822593360.00,231404,16.95,16.65,-9.55
4-March-2011,629.00,632.90,616.10,617.60,621.733639397861181118,1101075,22085,684575367.00,153205,13.91,16.80,-11.40
3-March-2011,629.80,631.95,618.35,623.40,625.350134453123588468,1328344,24194,830680099.00,191017,14.38,13.60,-6.40
1-March-2011,611.90,636.00,609.25,634.30,624.711197566592300490,1475133,30408,921532103.00,318781,21.61,26.75,22.40
28-February-2011,614.10,616.60,599.60,605.95,607.930233356170786282,1690206,30997,1027527328.00,244772,14.48,17.00,-8.15
25-February-2011,608.00,611.50,592.70,608.00,601.916786447480601663,1949394,37726,1173372972.00,251305,12.89,18.80,0.00
24-February-2011,623.60,626.30,596.60,602.15,610.300688406122558970,1781216,31289,1087077351.00,462864,25.99,29.70,-21.45
23-February-2011,622.05,628.25,614.75,619.80,621.663458432338140599,1114424,21122,692796678.00,115324,10.35,13.50,-2.25
22-February-2011,632.40,632.45,620.70,623.85,625.074824224371310339,1351581,24768,844839256.00,237071,17.54,11.75,-8.55
21-February-2011,639.10,640.80,622.55,637.45,632.774241772151898734,1580000,27999,999783302.00,281502,17.82,18.25,-1.65
18-February-2011,657.00,661.00,634.00,637.95,647.287720499120785173,1420017,28179,919159567.00,201774,14.21,27.00,-19.05
17-February-2011,643.10,657.00,641.35,654.90,649.823322671281487890,1851426,32092,1203099795.00,481332,26.00,15.65,11.80
16-February-2011,607.90,644.00,606.10,641.05,633.371336420264623444,3408995,56121,2159159719.00,485873,14.25,37.90,33.15
15-February-2011,625.00,627.00,612.00,616.55,618.778051521891589606,1812317,33751,1121421982.00,205306,11.33,15.00,-8.45
14-February-2011,605.10,620.95,599.85,619.20,613.581178046892057949,1341933,25667,823384831.00,221583,16.51,21.10,14.10
11-February-2011,601.00,603.00,575.80,595.05,586.394237530759356353,2232654,45809,1309215440.00,287328,12.87,27.20,-5.95
10-February-2011,598.05,604.20,582.05,599.80,593.139684521841939111,1715301,33922,1017413094.00,142434,8.30,22.15,1.75
9-February-2011,617.90,620.00,595.20,598.55,609.330902165796132080,1959141,33602,1193765153.00,325766,16.63,24.80,-19.35
8-February-2011,644.80,644.80,617.25,619.55,627.766141923553103794,1276180,24202,801142595.00,193904,15.19,27.55,-25.25
7-February-2011,638.60,645.00,635.00,639.75,640.186068533019475443,1234529,20370,790328267.00,220959,17.90,10.00,1.15
4-February-2011,638.65,651.90,632.25,635.85,644.148975490431406989,2270501,36622,1462540893.00,689043,30.35,19.65,-2.80
3-February-2011,626.05,640.00,625.70,637.55,635.805665477017522351,1761864,29679,1120203113.00,687911,39.04,14.30,11.50
2-February-2011,630.15,633.85,615.65,625.70,627.524822291926128167,3976184,55771,2495154158.00,1712466,43.07,18.20,-4.45
1-February-2011,637.00,642.65,627.15,630.95,634.188578040957883510,2085264,28943,1322450611.00,654984,31.41,15.50,-6.05
31-January-2011,619.00,640.00,617.25,637.75,629.186332764301491090,2463834,34227,1550210679.00,705180,28.62,22.75,18.75
28-January-2011,646.00,653.70,630.15,635.90,641.781481077167923975,1218343,21747,781909975.00,184941,15.18,23.55,-10.10
27-January-2011,655.50,660.00,649.00,650.30,652.846622072522083183,1012988,18595,661325794.00,235993,23.30,11.00,-5.20
25-January-2011,651.75,662.80,650.30,655.10,657.494050256203709919,2011095,27866,1322282997.00,845730,42.05,12.50,3.35
24-January-2011,629.50,651.40,625.15,648.85,642.511456681411494426,1406821,26429,903898610.00,345900,24.59,26.25,19.35
21-January-2011,631.25,634.95,627.15,629.60,630.411158042942625835,852300,12863,537299430.00,422415,49.56,7.80,-1.65
20-January-2011,634.90,642.50,631.00,634.95,636.431081869376949137,1069704,16768,680792874.00,366152,34.23,11.50,0.05
19-January-2011,634.90,644.20,634.00,639.80,640.094605588857174652,1329932,19733,851282299.00,629224,47.31,10.20,4.90
18-January-2011,626.00,637.40,626.00,632.45,632.490573242962111532,1052695,22719,665819664.00,243434,23.12,11.40,6.45
17-January-2011,618.50,625.65,612.70,622.90,621.349503338297524857,1236858,27048,768521104.00,194876,15.76,12.95,4.40
14-January-2011,638.35,638.35,618.30,621.70,627.993335944945356145,1575017,35637,989100180.00,196829,12.50,20.05,-16.65
13-January-2011,649.00,655.70,635.50,637.45,642.861767562684171790,1767711,31242,1136393818.00,482927,27.32,20.20,-11.55
12-January-2011,648.00,658.90,626.20,649.30,641.504140482740213387,2615154,47493,1677632119.00,357571,13.67,32.70,1.30
11-January-2011,650.60,660.20,641.65,647.60,652.711215920242565360,1613091,28869,1052882588.00,184726,11.45,18.55,-3.00
10-January-2011,662.05,666.30,646.25,650.70,657.033298645089613595,1933412,36465,1270316064.00,249161,12.89,20.05,-11.35
7-January-2011,685.80,688.00,656.50,660.90,670.579523410496133083,1519169,28763,1018723624.00,330926,21.78,31.50,-24.90
6-January-2011,687.20,691.00,681.75,683.80,685.418083043296747404,931779,17471,638658176.00,113598,12.19,9.25,-3.40
5-January-2011,696.50,697.00,677.40,681.00,684.661991196507826341,1368775,22591,937148217.00,297901,21.76,19.60,-15.50
4-January-2011,707.65,713.80,692.70,694.50,701.132107415515574471,1799740,29981,1261855499.00,445033,24.73,21.10,-13.15
3-January-2011,684.20,706.80,684.20,703.40,699.635400073493946249,2315837,39110,1620241546.00,722632,31.20,22.60,19.20
